product_id,title,collection,price_eur,source_stock,category,target_segment,is_realistic,is_superhero,price_band,stock_q1_start,stock_q1_end,stock_q2_start,stock_q2_end,stock_q3_start,stock_q3_end,stock_q4_start,stock_q4_end,available_q1,available_q2,available_q3,available_q4
1018-01lola,Heating Wand black 1018-01lola,Lola Games Wand,26.3,205,vibrator,unisex,0,0,high,205,194,194,176,176,162,162,134,1,1,1,1
1018-02lola,Heating Wand red 1018-02lola,Lola Games Wand,26.3,218,vibrator,unisex,0,0,high,218,205,223,198,198,167,0,0,1,1,1,0
1018-03lola,Heating Wand purple 1018-03lola,Lola Games Wand,26.3,203,vibrator,unisex,0,0,high,203,182,101,82,0,0,0,0,1,1,0,0
1082-01lola,Tickler Burlesque Plume Red 1082-01lola,Lola Games Burlesque,3.26,45,other,unisex,0,0,low,45,30,30,12,12,0,0,0,1,1,1,0
1082-02lola,Tickler Burlesque Plume Black 1082-02lola,Lola Games Burlesque,3.26,2,other,unisex,0,0,low,2,0,0,0,0,0,0,0,1,0,0,0
1084-01lola,The Collar Party Hard Fetish 1084-01lola,Lola Games Party Hard,9.29,98,other,unisex,0,0,high,98,75,84,68,68,56,56,23,1,1,1,1
1085-01lola,The Collar Party Hard Circus Black 1085-01lola,Lola Games Party Hard,5.54,247,other,unisex,0,0,mid,247,234,234,215,215,180,180,137,1,1,1,1
1086-01lola,The collar Party Hard Sin 1086-01lola,Lola Games Party Hard,6.68,103,other,unisex,0,0,mid,103,77,77,65,0,0,0,0,1,1,0,0
1087-01lola,The collar Party Hard Wild 1087-01lola,Lola Games Party Hard,5.9,320,other,unisex,0,0,mid,320,293,293,250,67,14,0,0,1,1,1,0
1088-01lola,The collar Party Hard Cabaret 1088-01lola,Lola Games Party Hard,5.63,197,other,unisex,0,0,mid,197,188,188,150,150,125,125,69,1,1,1,1
1089-01lola,The collar Party Hard Decadence 1089-01lola,Lola Games Party Hard,4.14,130,other,unisex,0,0,low,130,120,120,90,90,61,0,0,1,1,1,0
1092-01lola,The collar Party Hard Eccentric 1092-01lola,Lola Games Party Hard,6.35,38,other,unisex,0,0,mid,38,27,35,24,5,0,0,0,1,1,1,0
1093-01lola,The collar Party Hard Embrace Silver 1093-01lola,Lola Games Party Hard,4.91,39,other,unisex,0,0,mid,39,33,11,0,0,0,0,0,1,1,0,0
1099-01lola,Cuffs Party Hard Bizzare 1099-01lola,Lola Games Party Hard,6.68,12,bdsm,unisex,0,0,mid,12,0,0,0,0,0,0,0,1,0,0,0
1101-01lola,Ankle cuffs Party Hard Celestial 1101-01lola,Lola Games Party Hard,4.57,46,bdsm,unisex,0,0,low,46,33,33,25,0,0,0,0,1,1,0,0
1102-01lola,Ankle cuffs Party Hard Tricky 1102-01lola,Lola Games Party Hard,5.56,86,bdsm,unisex,0,0,mid,86,66,24,0,0,0,0,0,1,1,0,0
1103-01lola,Ankle cuffs Party Hard Eternity Black 1103-01lola,Lola Games Party Hard,4.27,12,bdsm,unisex,0,0,low,12,3,1,0,2,0,0,0,1,1,1,0
1104-01lola,Ankle cuffs Party Hard Dreamer 1104-01lola,Lola Games Party Hard,4.91,9,bdsm,unisex,0,0,mid,9,0,0,0,0,0,0,0,1,0,0,0
1105-01lola,Ankle cuffs Party Hard Starfire 1105-01lola,Lola Games Party Hard,6.71,72,bdsm,unisex,0,0,mid,72,62,62,47,47,44,44,26,1,1,1,1
1106-01lola,Ankle cuffs Party Hard Amaze 1106-01lola,Lola Games Party Hard,7.43,38,bdsm,unisex,0,0,mid,38,38,38,27,7,4,0,0,1,1,1,0
1115-01lola,Flogger Party Hard Dark Secret 1115-01lola,Lola Games Party Hard,6.26,61,other,unisex,0,0,mid,61,58,0,0,0,0,0,0,1,0,0,0
1120-01lola,Flogger Party Hard Fling 1120-01lola,Lola Games Party Hard,3.91,24,other,unisex,0,0,low,24,11,11,0,0,0,0,0,1,1,0,0
1130-01lola,Clamps Party Hard Sweet Escape 1130-01lola,Lola Games Party Hard,2.79,6,other,unisex,0,0,low,6,0,0,0,0,0,0,0,1,0,0,0
1135-01lola,Clamps  Party Hard Starlet 1135-01lola,Lola Games Party Hard,3.26,21,other,unisex,0,0,low,21,9,9,0,0,0,0,0,1,1,0,0
1140-02lola,Clamps Party Hard Angelic Pink 1140-02lola,Lola Games Party Hard,3.19,54,lubricant,unisex,0,0,low,54,40,40,33,33,20,20,6,1,1,1,1
1140-03lola,Clamps Party Hard Angelic Red 1140-03lola,Lola Games Party Hard,3.19,187,lubricant,unisex,0,0,low,187,161,34,6,6,0,0,0,1,1,1,0
1140-04lola,Clamps Party Hard Angelic Blue 1140-04lola,Lola Games Party Hard,3.15,2,lubricant,unisex,0,0,low,2,0,0,0,0,0,0,0,1,0,0,0
1141-01lola,Mask Party Hard Shy Red 1141-01lola,Lola Games Party Hard,2.74,93,bdsm,unisex,0,0,low,93,75,75,73,16,0,0,0,1,1,1,0
1141-02lola,Mask Party Hard Shy Pink 1141-02lola,Lola Games Party Hard,2.74,4,bdsm,unisex,0,0,low,4,2,0,0,0,0,0,0,1,0,0,0
1141-03lola,Mask Party Hard Shy Black 1141-03lola,Lola Games Party Hard,2.74,2,bdsm,unisex,0,0,low,2,0,0,0,0,0,0,0,1,0,0,0
1142-01lola,Tape Party Hard Wink Red 1142-01lola,Lola Games Party Hard,2.74,1,other,unisex,0,0,low,1,0,0,0,0,0,0,0,1,0,0,0
1145-01lola,Ball gag Party Hard Firecracker 1145-01lola,Lola Games Party Hard,2.34,76,other,unisex,0,0,low,76,52,52,0,0,0,18,0,1,1,0,1
1146-01lola,Gag Party Hard Love Addict Black 1146-01lola,Lola Games Party Hard,2.99,122,other,unisex,0,0,low,122,117,117,107,107,74,74,28,1,1,1,1
1146-02lola,Gag Party Hard Love Addict Red 1146-02lola,Lola Games Party Hard,2.99,18,other,unisex,0,0,low,18,5,5,0,0,0,0,0,1,1,0,0
1149-01lola,Ball Gag with nipple clamps Party Hard Gratitude 1149-01lola,Lola Games Party Hard,3.94,5,nipple_toy,unisex,0,0,low,5,0,0,0,0,0,0,0,1,0,0,0
1151-01lola,Bone gag Party Hard Infatuation 1151-01lola,Lola Games Party Hard,5.56,87,other,unisex,0,0,mid,87,57,72,54,0,0,0,0,1,1,0,0
1153-01lola,Ball gag Party Hard Love Bite 1153-01lola,Lola Games Party Hard,3.98,87,other,unisex,0,0,low,87,79,79,72,72,59,59,4,1,1,1,1
1164-01lola,Clamps Party Hard Dare You 1164-01lola,Lola Games Party Hard,7.13,2,other,unisex,0,0,mid,2,0,0,0,0,0,0,0,1,0,0,0
1165-01lola,Ball gag Party Hard Joyride 1165-01lola,Lola Games Party Hard,2.34,42,other,unisex,0,0,low,42,19,0,0,0,0,0,0,1,0,0,0
1166-03lola,Chastity Belt Party Hard Romello Green 1166-03lola,Lola Games Party Hard,6.62,112,other,unisex,0,0,mid,112,111,111,96,45,27,0,0,1,1,1,0
1167-01lola,Cuffs Party Hard Suppression Balck 1167-01lola,Lola Games Party Hard,4.14,77,bdsm,unisex,0,0,low,77,52,52,43,43,17,17,0,1,1,1,1
1168-01lola,Ankle Cuffs Party Hard Limitation Black 1168-01lola,Lola Games Party Hard,5.08,39,bdsm,unisex,0,0,mid,39,34,34,22,12,0,0,0,1,1,1,0
1168-02lola,Ankle Cuffs Party Hard Limitation Purple 1168-02lola,Lola Games Party Hard,5.08,71,bdsm,unisex,0,0,mid,71,62,67,59,0,0,0,0,1,1,0,0
1168-03lola,Ankle Cuffs Party Hard Limitation Pink 1168-03lola,Lola Games Party Hard,5.08,40,bdsm,unisex,0,0,mid,40,20,11,0,0,0,0,0,1,1,0,0
1169-01lola,Bondage Tape Vanilla Endorphin Red 1169-01lola,Lola Games Vanilla,3.71,95,bdsm,unisex,0,0,low,95,80,80,59,59,34,34,31,1,1,1,1
1171-01lola,Urethral Massager Vanilla Glide Small 1171-01lola,Lola Games Vanilla,2.32,42,other,unisex,0,0,low,42,25,25,14,6,0,0,0,1,1,1,0
1172-01lola,Urethral Massager Vanilla Glide Medium 1172-01lola,Lola Games Vanilla,2.32,32,other,unisex,0,0,low,32,25,7,0,0,0,0,0,1,1,0,0
1173-01lola, Urethral Massager Vanilla Glide Large 1173-01lola,Lola Games Vanilla,2.32,30,other,unisex,0,0,low,30,17,23,8,0,0,0,0,1,1,0,0
1174-01lola,Urethral Massager Set Vanilla Spin 1174-01lola,Lola Games Vanilla,4.9,88,other,unisex,0,0,mid,88,73,16,2,8,0,0,0,1,1,1,0
1175-01lola,Urethral Massager Set Vanilla Twist 1175-01lola,Lola Games Vanilla,4.9,74,other,unisex,0,0,mid,74,52,23,5,5,0,0,0,1,1,1,0
1176-01lola,Urethral Massager Set Vanilla Bolt 1176-01lola,Lola Games Vanilla,3.46,67,other,unisex,0,0,low,67,47,22,2,12,0,0,0,1,1,1,0
1177-01lola,Chastity Belt Guard Vanilla Black 1177-01lola,Lola Games Vanilla,4.1,34,other,unisex,0,0,low,34,22,26,7,7,0,0,0,1,1,1,0
1200-01lola,Strap-on Pure Passion Gimlet black 1200-01lola,Lola Games Pure Passion,7.43,43,other,unisex,0,0,mid,43,40,18,15,0,0,0,0,1,1,0,0
1200-02lola,Strap-on Pure Passion Gimlet Wine red 1200-02lola,Lola Games Pure Passion,5.31,76,other,unisex,0,0,mid,76,37,37,29,11,0,0,0,1,1,1,0
1200-03lola,Strap-on Pure Passion Gimlet Green 1200-03lola,Lola Games Pure Passion,7.43,70,other,unisex,0,0,mid,70,66,0,0,10,0,0,0,1,0,1,0
1201-01lola,Strap-on Pure Passion Bramble black 1201-01lola,Lola Games Pure Passion,8.69,60,other,unisex,0,0,high,60,60,72,53,53,49,49,43,1,1,1,1
1201-02lola,Strap-on Pure Passion Bramble Wine red 1201-02lola,Lola Games Pure Passion,8.69,102,other,unisex,0,0,high,102,91,0,0,0,0,0,0,1,0,0,0
1201-03lola,Strap-on Pure Passion Bramble Green 1201-03lola,Lola Games Pure Passion,8.69,97,other,unisex,0,0,high,97,94,107,101,101,88,88,76,1,1,1,1
1202-01lola,Strap-on Pure Passion Bunny Black 1202-01lola,Lola Games Pure Passion,14.06,72,other,unisex,0,0,high,72,64,67,66,66,57,0,0,1,1,1,0
1202-02lola,Strap-on Pure Passion Bunny Wine red 1202-02lola,Lola Games Pure Passion,14.06,148,other,unisex,0,0,high,148,130,130,122,122,99,24,0,1,1,1,1
1202-03lola,Strap-on Pure Passion Bunny Green 1202-03lola,Lola Games Pure Passion,14.06,76,other,unisex,0,0,high,76,70,0,0,0,0,0,0,1,0,0,0
1203-01lola,Strap-on Pure Passion Farnell black 1203-01lola,Lola Games Pure Passion,10.28,92,other,unisex,0,0,high,92,79,79,71,17,0,0,0,1,1,1,0
1203-02lola,Strap-on Pure Passion Farnell Wine Red 1203-02lola,Lola Games Pure Passion,10.28,8,other,unisex,0,0,high,8,0,0,0,0,0,0,0,1,0,0,0
1203-03lola,Strap-on Pure Passion Farnell Green 1203-03lola,Lola Games Pure Passion,10.28,78,other,unisex,0,0,high,78,66,0,0,0,0,0,0,1,0,0,0
1204-01lola,Strap-on Pure Passion Flirtini black 1204-01lola,Lola Games Pure Passion,12.17,99,other,unisex,0,0,high,99,84,84,73,73,69,69,54,1,1,1,1
1204-02lola,Strap-on Pure Passion Flirtini Wine red 1204-02lola,Lola Games Pure Passion,12.17,169,other,unisex,0,0,high,169,146,38,21,21,7,7,0,1,1,1,1
1204-03lola,Strap-on Pure Passion Flirtini Green 1204-03lola,Lola Games Pure Passion,12.17,46,other,unisex,0,0,high,46,37,37,25,0,0,0,0,1,1,0,0
1205-01lola,Strap-on Pure Passion Rori Black 1205-01lola,Lola Games Pure Passion,7.74,113,other,unisex,0,0,high,113,98,110,91,91,70,0,0,1,1,1,0
1205-02lola,Strap-on Pure Passion Rori Wine red 1205-02lola,Lola Games Pure Passion,7.74,63,other,unisex,0,0,high,63,63,63,42,42,42,22,14,1,1,1,1
1205-03lola,Strap-on Pure Passion Rori Green 1205-03lola,Lola Games Pure Passion,7.74,136,other,unisex,0,0,high,136,133,140,127,127,120,120,88,1,1,1,1
1300-01lola,Vibro cockring Pure Passion Midnight black 1300-01lola,Lola Games Pure Passion,5.29,62,other,unisex,1,0,mid,62,61,29,26,35,24,24,7,1,1,1,1
1300-02lola,Vibro cockring Pure Passion Midnight wine red 1300-02lola,Lola Games Pure Passion,5.29,120,other,unisex,1,0,mid,120,120,120,108,108,99,108,87,1,1,1,1
1300-03lola,Vibro cockring Pure Passion Midnight green 1300-03lola,Lola Games Pure Passion,5.29,133,other,unisex,1,0,mid,133,127,64,49,49,41,0,0,1,1,1,0
1301-01lola,Vibro cockring Pure Passion Moonshine black 1301-01lola,Lola Games Pure Passion,5.6,79,other,unisex,1,0,mid,79,68,0,0,0,0,0,0,1,0,0,0
1301-02lola,Vibro cockring Pure Passion Moonshine Wine red 1301-02lola,Lola Games Pure Passion,5.6,47,other,unisex,1,0,mid,47,41,48,23,0,0,0,0,1,1,0,0
1301-03lola,Vibro cockring Pure Passion Moonshine Green 1301-03lola,Lola Games Pure Passion,5.6,22,other,unisex,1,0,mid,22,14,14,0,0,0,2,0,1,1,0,1
1302-01lola,Vibro cockring Pure Passion Sunset black 1302-01lola,Lola Games Pure Passion,6.57,201,other,unisex,1,0,mid,201,182,0,0,0,0,19,0,1,0,0,1
1302-02lola,Vibro cockring Pure Passion Sunset Wine red 1302-02lola,Lola Games Pure Passion,6.57,74,other,unisex,1,0,mid,74,74,74,74,74,71,71,49,1,1,1,1
1302-03lola,Vibro cockring Pure Passion Sunset Green 1302-03lola,Lola Games Pure Passion,6.57,118,other,unisex,1,0,mid,118,114,0,0,0,0,0,0,1,0,0,0
1303-01lola,Vibrating Double Cockring Daydream black 1303-01lola,Lola Games Pure Passion,5.42,99,other,unisex,1,0,mid,99,92,51,41,41,34,0,0,1,1,1,0
1303-02lola,Vibrating Double Cockring Daydream Wine Red 1303-02lola,Lola Games Pure Passion,5.42,105,other,unisex,1,0,mid,105,89,89,84,39,29,0,0,1,1,1,0
1303-03lola,Vibrating Double Cockring Daydream Green 1303-03lola,Lola Games Pure Passion,5.42,10,other,unisex,1,0,mid,10,0,0,0,0,0,0,0,1,0,0,0
1304-01lola,Vibro cockring Pure Passion Stardust Black 1304-01lola,Lola Games Pure Passion,9.4,30,other,unisex,1,0,high,30,20,6,6,8,8,8,8,1,1,1,1
1304-02lola,Vibro cockring Pure Passion Stardust Wine red 1304-02lola,Lola Games Pure Passion,9.4,70,other,unisex,1,0,high,70,67,19,19,0,0,0,0,1,1,0,0
1304-03lola,Vibro cockring Pure Passion Stardust Green 1304-03lola,Lola Games Pure Passion,9.4,63,other,unisex,1,0,high,63,62,33,32,32,32,44,40,1,1,1,1
1305-01lola,Vibro cockring Pure Passion Lunar Black 1305-01lola,Lola Games Pure Passion,9.4,50,other,unisex,1,0,high,50,50,15,0,0,0,7,7,1,1,0,1
1501-01lola,Rechargeable Vibro cockring Pure Passion Stellar Black 1501-01lola,Lola Games Pure Passion,11.21,94,other,unisex,1,0,high,94,90,44,42,42,38,0,0,1,1,1,0
1501-02lola,Rechargeable Vibro cockring Pure Passion Stellar Wine Red 1501-02lola,Lola Games Pure Passion,11.21,152,other,unisex,1,0,high,152,148,148,140,140,139,139,125,1,1,1,1
1501-03lola,Rechargeable Vibro cockring Pure Passion Stellar Green 1501-03lola,Lola Games Pure Passion,11.21,125,other,unisex,1,0,high,125,115,115,108,108,98,98,90,1,1,1,1
2040-01lola,Dildo Flow Emotional Purple 2040-01lola,Lola Games Flow,9.18,35,dildo,unisex,0,0,high,35,26,26,19,0,0,0,0,1,1,0,0
2040-02lola,Dildo Flow Emotional Pink 2040-02lola,Lola Games Flow,9.18,103,dildo,unisex,0,0,high,103,77,29,23,23,12,12,0,1,1,1,1
2040-03lola,Dildo Flow Emotional Flesh 2040-03lola,Lola Games Flow,9.18,64,dildo,unisex,1,0,high,64,61,61,59,0,0,0,0,1,1,0,0
2041-01lola,Dildo Flow Stray Purple 2041-01lola,Lola Games Flow,13.99,103,dildo,unisex,0,0,high,103,103,103,97,97,87,87,69,1,1,1,1
2041-02lola,Dildo Flow Stray Pink 2041-02lola,Lola Games Flow,13.99,140,dildo,unisex,0,0,high,140,137,0,0,0,0,0,0,1,0,0,0
2041-03lola,Dildo Flow Stray Flesh 2041-03lola,Lola Games Flow,13.99,134,dildo,unisex,1,0,high,134,112,29,21,0,0,0,0,1,1,0,0
2042-01lola,Bendable Dildo Flow Tender 2042-01lola,Lola Games Flow,12.24,52,dildo,unisex,0,0,high,52,52,0,0,0,0,0,0,1,0,0,0
2043-02lola,Dildo Unicorn Light 2043-02lola,Lola Games Flow,6.3,120,dildo,unisex,0,0,mid,120,103,29,0,29,7,7,0,1,1,1,1
2043-03lola,Dildo Unicorn Black 2043-03lola,Lola Games Flow,6.3,212,dildo,unisex,0,0,mid,212,203,219,205,205,195,237,182,1,1,1,1
2043-04lola,Dildo Unicorn Purple 2043-04lola,Lola Games Flow,6.3,147,dildo,unisex,0,0,mid,147,144,77,69,69,57,22,0,1,1,1,1
2044-01lola,Dildo Flow Emotional Plus Purple 2044-01lola,Lola Games Flow,4.99,185,dildo,unisex,0,0,mid,185,155,155,144,144,121,0,0,1,1,1,0
2044-03lola,Dildo Flow Emotional Plus Flesh 2044-03lola,Lola Games Flow,4.99,172,dildo,unisex,1,0,mid,172,160,0,0,0,0,0,0,1,0,0,0
2044-04lola,Dildo Flow Emotional Plus Black 2044-04lola,Lola Games Flow,4.99,151,dildo,unisex,0,0,mid,151,129,44,25,25,10,2,0,1,1,1,1
2045-01lola,Dildo Flow Emotional Purple 2045-01lola,Lola Games Flow,3.65,181,dildo,unisex,0,0,low,181,176,176,152,152,124,124,83,1,1,1,1
2045-03lola,Dildo Flow Emotional Flesh 2045-03lola,Lola Games Flow,3.65,192,dildo,unisex,1,0,low,192,170,170,157,157,144,144,114,1,1,1,1
2045-04lola,Dildo Flow Emotional Black 2045-04lola,Lola Games Flow,3.65,185,dildo,unisex,0,0,low,185,178,178,159,159,131,142,95,1,1,1,1
2046-03lola,Dildo Flow Emotional Soft Max Flesh 2046-03lola,Lola Games Flow,4.99,216,dildo,unisex,1,0,mid,216,208,208,202,0,0,0,0,1,1,0,0
2047-02lola,Dildo Unicorn Mini Light 2047-02lola,Lola Games Flow,4.79,137,dildo,unisex,0,0,low,137,103,124,104,0,0,18,0,1,1,0,1
2047-03lola,Dildo Unicorn Mini Black 2047-03lola,Lola Games Flow,4.79,197,dildo,unisex,0,0,low,197,187,187,163,163,141,141,96,1,1,1,1
2047-04lola,Dildo Unicorn Mini Purple 2047-04lola,Lola Games Flow,4.79,131,dildo,unisex,0,0,low,131,106,114,99,35,14,6,0,1,1,1,1
2100-01lola,Masturbator  Satisfaction Foxy Lady Ashley 2100-01lola,Lola games Satisfaction,3.15,175,masturbator,men,0,0,low,175,162,0,0,0,0,0,0,1,0,0,0
2100-02lola,Masturbator  Satisfaction Foxy Lady Angie 2100-02lola,Lola games Satisfaction,3.85,163,masturbator,men,0,0,low,163,161,161,149,0,0,0,0,1,1,0,0
2100-03lola,Masturbator  Satisfaction Foxy Lady Sasha 2100-03lola,Lola games Satisfaction,4.18,161,masturbator,men,0,0,low,161,157,0,0,0,0,0,0,1,0,0,0
2100-04lola,Masturbator  Satisfaction Foxy Lady Lisa 2100-04lola,Lola games Satisfaction,4.59,201,masturbator,men,0,0,low,201,198,0,0,0,0,22,0,1,0,0,1
2101-01lola,Masturbator  Satisfaction Funny Girl 2101-01lola,Lola games Satisfaction,7.51,195,masturbator,men,0,0,mid,195,188,0,0,0,0,46,17,1,0,0,1
2101-02lola,Masturbator Satisfaction Hot Babe 2101-02lola,Lola games Satisfaction,12.47,57,masturbator,men,0,0,high,57,51,51,51,13,0,0,0,1,1,1,0
2101-03lola,Double Masturbator Satisfaction Morning Angel 2101-03lola,Lola games Satisfaction,12.1,252,masturbator,men,0,0,high,252,231,231,212,212,202,202,160,1,1,1,1
2101-04lola,Double Masturbator Satisfaction Goddess of Love 2101-04lola,Lola games Satisfaction,15.52,199,masturbator,men,0,0,high,199,188,188,181,99,99,99,90,1,1,1,1
2101-05lola,Double Masturbator with a vibrobullet Satisfaction Babylicious 2101-05lola,Lola games Satisfaction,20.65,226,masturbator,men,0,0,high,226,220,220,211,0,0,0,0,1,1,0,0
2101-06lola,Double Masturbator with a vibrobullet  Satisfaction Lucky charm 2101-06lola,Lola games Satisfaction,17.32,231,masturbator,men,0,0,high,231,231,231,231,75,73,73,69,1,1,1,1
2101-07lola,Masturbator Satisfaction Gorgeous 2101-07lola,Lola games Satisfaction,8.14,98,masturbator,men,0,0,high,98,98,98,94,0,0,0,0,1,1,0,0
2101-08lola,Masturbator Satisfaction Sweetheart 2101-08lola,Lola games Satisfaction,8.21,89,masturbator,men,0,0,high,89,79,43,43,43,37,37,36,1,1,1,1
2101-11lola,Masturbator Satisfaction Precious 2101-11lola,Lola games Satisfaction,17.5,165,masturbator,men,0,0,high,165,155,155,153,153,151,151,145,1,1,1,1
2101-12lola,Masturbator with vibrating ring Satisfaction Darling 2101-12lola,Lola games Satisfaction,8.87,64,masturbator,men,0,0,high,64,52,19,19,19,0,0,0,1,1,1,0
2101-13lola,Masturbator with vibrating ring Satisfaction Beloved 2101-13lola,Lola games Satisfaction,13.79,146,masturbator,men,0,0,high,146,141,141,140,68,47,47,28,1,1,1,1
2101-19lola,Masturbator Satisfaction Supergirl 2101-19lola,Lola games Satisfaction,8.89,185,masturbator,men,0,0,high,185,173,173,163,163,144,144,125,1,1,1,1
2102-01lola,Masturbator  Satisfaction Magazine Issue №18 2102-01lola,Lola games Satisfaction,4.9,216,masturbator,men,0,0,mid,216,210,104,92,0,0,0,0,1,1,0,0
2102-02lola,Masturbator  Satisfaction Magazine Issue №25 2102-02lola,Lola games Satisfaction,4.9,147,masturbator,men,0,0,mid,147,144,144,136,73,53,66,48,1,1,1,1
2102-03lola,Masturbator  Satisfaction Magazine Issue №35 2102-03lola,Lola games Satisfaction,4.86,197,masturbator,men,0,0,mid,197,193,193,192,228,220,220,202,1,1,1,1
2102-04lola,Masturbator  Satisfaction Magazine Issue №45 2102-04lola,Lola games Satisfaction,4.73,158,masturbator,men,0,0,low,158,157,157,152,174,168,182,166,1,1,1,1
2102-05lola,Masturbator with a vibrocockring   Satisfaction Magazine Nurse 2102-05lola,Lola games Satisfaction,5.94,200,masturbator,men,1,0,mid,200,193,0,0,0,0,0,0,1,0,0,0
2102-06lola,Masturbator with a vibrocockring   Satisfaction Magazine Maid 2102-06lola,Lola games Satisfaction,6.44,131,masturbator,men,1,0,mid,131,127,156,146,146,146,0,0,1,1,1,0
2102-07lola,Masturbator with a vibrocockring   Satisfaction Magazine School mistress 2102-07lola,Lola games Satisfaction,6.43,157,masturbator,men,1,0,mid,157,148,148,148,159,159,70,48,1,1,1,1
2102-08lola,Masturbator with a vibrocockring  Satisfaction Magazine Airhostess 2102-08lola,Lola games Satisfaction,6.17,187,masturbator,men,1,0,mid,187,182,182,176,220,202,202,194,1,1,1,1
2103-01lola,Masturbator  Satisfaction &quot;Cutie Pie&quot; 2103-01lola,Lola games Satisfaction,10.85,144,masturbator,men,0,0,high,144,133,133,130,130,125,55,50,1,1,1,1
2103-02lola,Masturbator Satisfaction My Love 2103-02lola,Lola games Satisfaction,13.5,164,masturbator,men,0,0,high,164,164,200,197,0,0,0,0,1,1,0,0
2105-01lola,Realistic Masturbator Satisfaction Sweet Lips 2105-01lola,Lola games Satisfaction,6.91,125,masturbator,men,1,0,mid,125,120,139,135,157,157,157,150,1,1,1,1
2105-02Lola,Realistic Masturbator Satisfaction Hottie 2105-02lola,Lola games Satisfaction,6.91,122,masturbator,men,1,0,mid,122,122,122,111,111,100,100,91,1,1,1,1
2105-03lola,Realistic Masturbator Satisfaction Treasure 2105-03lola,Lola games Satisfaction,6.91,71,masturbator,men,1,0,mid,71,67,0,0,0,0,0,0,1,0,0,0
2105-04lola,Realistic Masturbator Satisfaction Biggest joy 2105-04lola,Lola games Satisfaction,6.91,92,masturbator,men,1,0,mid,92,88,88,87,87,74,20,9,1,1,1,1
2105-05Lola,Realistic Masturbator Satisfaction Sugar plum 2105-05lola,Lola games Satisfaction,6.91,82,masturbator,men,1,0,mid,82,76,76,76,76,72,0,0,1,1,1,0
2105-06lola,Realistic Masturbator Satisfaction Dumpling 2105-06lola,Lola games Satisfaction,6.91,159,masturbator,men,1,0,mid,159,156,156,145,145,139,139,133,1,1,1,1
2106-01lola,Realistic Masturbator Satisfaction Baby Doll 2106-01lola,Lola games Satisfaction,11.54,251,masturbator,men,1,0,high,251,251,251,246,246,233,103,97,1,1,1,1
2107-01lola,Realistic Masturbator Satisfaction Honey Bunny 2107-01lola,Lola games Satisfaction,13.28,147,masturbator,men,1,0,high,147,147,147,146,165,157,157,151,1,1,1,1
2108-01lola,Extra Soft Realistic Masturbator Satisfaction Darling Touch 2108-01lola,Lola games Satisfaction,15.07,24,masturbator,men,1,0,high,24,24,8,8,8,5,5,5,1,1,1,1
2109-01lola,Realistic Masturbator Satisfaction Cutie Lush 2109-01lola,Lola games Satisfaction,47.7,176,masturbator,men,1,0,high,176,172,172,167,167,165,165,148,1,1,1,1
3004-01lola,Vaginal balls easy level Love Story One Thousand and One Nights Sweet Kiss 3004-01lola,Lola games Love Story,4.27,12,vaginal_balls,women,0,0,low,12,2,4,4,0,0,0,0,1,1,0,0
3004-05lola,Vaginal balls easy level Love Story One Thousand and One Nights Violet Fantasy 3004-05lola,Lola games Love Story,4.27,79,vaginal_balls,women,0,0,low,79,77,77,71,86,79,94,86,1,1,1,1
3005-01lola,Vaginal balls medium level Love Story Diaries of a Geisha Sweet Kiss 3005-01lola,Lola games Love Story,3.73,95,vaginal_balls,women,0,0,low,95,82,82,57,0,0,0,0,1,1,0,0
3006-04lola,Vaginal balls easy level Love Story Fleur-de-lis Sky Blue 3006-04lola,Lola games Love Story,4.28,88,vaginal_balls,women,0,0,low,88,72,72,61,61,54,54,44,1,1,1,1
3006-05lola,Vaginal balls medium level Love Story Fleur-de-lis Violet Fantasy 3006-05lola,Lola games Love Story,4.27,4,vaginal_balls,women,0,0,low,4,0,0,0,0,0,0,0,1,0,0,0
3007-01lola,Vaginal Balls for Hard Level Cleopatra Tea Rose 3007-01lola,Lola games Love Story,4.27,232,vaginal_balls,women,0,0,low,232,223,223,209,209,161,88,26,1,1,1,1
3007-02lola,Vaginal Balls for Hard Level Cleopatra Lavender Sunset 3007-02lola,Lola games Love Story,4.27,239,vaginal_balls,women,0,0,low,239,239,239,215,215,196,196,149,1,1,1,1
3007-03lola,Vaginal Balls for Hard Level Cleopatra Waterfall Breeze 3007-03lola,Lola games Love Story,3.53,43,vaginal_balls,women,0,0,low,43,38,38,22,22,14,6,0,1,1,1,1
3008-01lola,Vaginal Balls for Medium Level Love Story Empress Lavender Sunset 3008-01lola,Lola games Love Story,3.53,15,vaginal_balls,women,0,0,low,15,10,10,0,0,0,0,0,1,1,0,0
3008-02lola,Vaginal Balls for Medium Level Love Story Empress Tea Rose 3008-02lola,Lola games Love Story,3.53,6,vaginal_balls,women,0,0,low,6,6,0,0,0,0,0,0,1,0,0,0
3008-03lola,Vaginal Balls for Medium Level Love Story Empress Waterfall Breeze 3008-03lola,Lola games Love Story,3.53,161,vaginal_balls,women,0,0,low,161,146,146,133,133,108,0,0,1,1,1,0
3009-04lola,Vaginal Balls Medium Level Love Story Moulin Rouge Purple 3009-04lola,Lola games Love Story,4.27,83,vaginal_balls,women,0,0,low,83,83,83,72,72,56,72,59,1,1,1,1
3010-02lola,Vaginal Balls for Easy Level Love Story The Firebird Tea Rose 3010-02lola,Lola games Love Story,4.27,269,vaginal_balls,women,0,0,low,269,241,0,0,0,0,0,0,1,0,0,0
3010-03lola,Vaginal Balls for Easy Level Love Story The Firebird Waterfall Breeze 3010-03lola,Lola games Love Story,4.27,277,vaginal_balls,women,0,0,low,277,256,283,256,256,231,231,176,1,1,1,1
3011-01lola,Vaginal Balls Set for Easy and Medium Level Love Story Carmen Tea Rose 3011-01lola,Lola games Love Story,7.56,231,vaginal_balls,women,0,0,mid,231,225,225,212,0,0,54,0,1,1,0,1
3011-03lola,Vaginal Balls Set for Easy and Medium Level Love Story Carmen Lavender Sunset 3011-03lola,Lola games Love Story,7.56,173,vaginal_balls,women,0,0,mid,173,158,195,192,52,22,0,0,1,1,1,0
3013-01lola,Vaginal Balls Set for Easy and Medium Level Love Story Valkyrie Pink 3013-01lola,Lola games Love Story,7.96,176,vaginal_balls,women,0,0,high,176,164,164,158,158,137,76,42,1,1,1,1
3013-02lola,Vaginal Balls Set for Easy and Medium Level Love Story Valkyrie Wine Red 3013-02lola,Lola games Love Story,7.96,235,vaginal_balls,women,0,0,high,235,220,95,84,84,73,73,36,1,1,1,1
3013-03lola,Vaginal Balls Set for Easy and Medium Level Love Story Valkyrie Purple 3013-03lola,Lola games Love Story,7.96,349,vaginal_balls,women,0,0,high,349,330,0,0,0,0,0,0,1,0,0,0
3014-01lola,APP Controlled Vibrating Egg Diana Love Story Pink 3014-01lola,Lola games Love Story,8.42,141,egg_vibrator,women,0,0,high,141,123,123,116,0,0,0,0,1,1,0,0
3636-03lola,Pasties Burlesque Tempest Pink 3636-03lola,Lola Games Burlesque,1.98,11,other,unisex,0,0,low,11,0,0,0,0,0,0,0,1,0,0,0
3636-04lola,Pasties Burlesque Tempest Red 3636-04lola,Lola Games Burlesque,1.98,1,other,unisex,0,0,low,1,0,0,0,0,0,0,0,1,0,0,0
4000-01lola,Menstrual Cups Kit Natural Wellness Iris 4000-01lola,Lola Games Natural Wellness,6.16,420,other,unisex,0,0,mid,420,373,119,83,83,45,45,0,1,1,1,1
4000-02lola,Menstrual Cups Kit Natural Wellness Tulip 4000-02lola,Lola Games Natural Wellness,6.16,279,other,unisex,0,0,mid,279,250,313,270,270,217,217,139,1,1,1,1
4000-03lola,Menstrual Cups Kit Natural Wellness Peony 4000-03lola,Lola Games Natural Wellness,6.16,188,other,unisex,0,0,mid,188,173,173,158,158,135,0,0,1,1,1,0
4000-04lola,Menstrual Cups Kit Natural Wellness Orchid 4000-04lola,Lola Games Natural Wellness,6.16,252,other,unisex,0,0,mid,252,229,229,185,185,160,59,10,1,1,1,1
4000-05lola,Menstrual Cups Kit Natural Wellness Magnolia 4000-05lola,Lola Games Natural Wellness,6.16,186,other,unisex,0,0,mid,186,174,174,150,46,31,62,32,1,1,1,1
4000-06lola,Menstrual Cup Natural Wellness Iris Big 20ml 4000-06lola,Lola Games Natural Wellness,2.61,482,other,unisex,0,0,low,482,438,438,370,370,271,107,0,1,1,1,1
4000-07lola,Menstrual Cup Natural Wellness Iris Small 15ml 4000-07lola,Lola Games Natural Wellness,2.61,470,other,unisex,0,0,low,470,429,429,356,440,369,437,232,1,1,1,1
4000-08lola,Menstrual Cup Natural Wellness Tulip Big 20ml 4000-08lola,Lola Games Natural Wellness,2.61,538,other,unisex,0,0,low,538,499,288,245,126,41,41,0,1,1,1,1
4000-09lola,Menstrual Cup Natural Wellness Tulip Small 15ml 4000-09lola,Lola Games Natural Wellness,2.61,371,other,unisex,0,0,low,371,355,80,25,13,0,0,0,1,1,1,0
4000-10lola,Menstrual Cup Natural Wellness Peony Big 20ml 4000-10lola,Lola Games Natural Wellness,2.61,165,other,unisex,0,0,low,165,152,192,174,174,118,118,2,1,1,1,1
4000-11lola,Menstrual Cup Natural Wellness Peony Small 15ml 4000-11lola,Lola Games Natural Wellness,2.61,286,other,unisex,0,0,low,286,243,0,0,0,0,18,0,1,0,0,1
4000-12lola,Menstrual Cup Natural Wellness Orchid Big 20ml 4000-12lola,Lola Games Natural Wellness,2.61,619,other,unisex,0,0,low,619,573,194,130,130,50,50,0,1,1,1,1
4000-13lola,Menstrual Cup Natural Wellness Orchid Small 15ml 4000-13lola,Lola Games Natural Wellness,2.61,387,other,unisex,0,0,low,387,341,156,125,125,52,144,16,1,1,1,1
4000-14lola,Menstrual Cup Natural Wellness Magnolia Big 20ml 4000-14lola,Lola Games Natural Wellness,2.61,477,other,unisex,0,0,low,477,445,445,408,202,107,0,0,1,1,1,0
4000-15lola,Menstrual Cup Natural Wellness Magnolia Small 15ml 4000-15lola,Lola Games Natural Wellness,2.61,452,other,unisex,0,0,low,452,433,211,143,143,88,185,43,1,1,1,1
4009-01lola,Anal plug Diamond Clear Sparkle Small 4009-01lola,Lola games Diamond,3.73,26,anal,unisex,0,0,low,26,19,0,0,0,0,0,0,1,0,0,0
4009-02lola,Anal plug Diamond Yellow Sparkle Small 4009-02lola,Lola games Diamond,3.73,132,anal,unisex,0,0,low,132,124,131,113,53,27,14,0,1,1,1,1
4009-03lola,Anal plug Diamond Pink Sparkle Small 4009-03lola,Lola games Diamond,3.73,145,anal,unisex,0,0,low,145,132,132,98,123,106,44,0,1,1,1,1
4009-04lola,Anal plug Diamond Light blue Sparkle Small 4009-04lola,Lola games Diamond,3.73,148,anal,unisex,0,0,low,148,124,124,94,46,16,3,0,1,1,1,1
4009-05lola,Anal plug Diamond Purple Sparkle Small 4009-05lola,Lola games Diamond,3.73,13,anal,unisex,0,0,low,13,0,0,0,0,0,0,0,1,0,0,0
4009-06lola,Anal plug Diamond Red Sparkle Small 4009-06lola,Lola games Diamond,3.73,143,anal,unisex,0,0,low,143,123,123,92,0,0,0,0,1,1,0,0
4010-01lola,Anal plug Diamond Clear Sparkle Large 4010-01lola,Lola games Diamond,4.52,93,anal,unisex,0,0,low,93,87,87,83,83,65,65,29,1,1,1,1
4010-02lola,Anal plug Diamond Yellow Sparkle Large 4010-02lola,Lola games Diamond,4.52,71,anal,unisex,0,0,low,71,56,56,39,39,20,10,0,1,1,1,1
4010-04lola,Anal plug Diamond Light blue Sparkle Large 4010-04lola,Lola games Diamond,4.52,28,anal,unisex,0,0,low,28,8,8,5,5,0,0,0,1,1,1,0
4011-08lola,Anal plug Emotions Cutie Small Black moonstone crystal 4011-08lola,Lola games Emotions,2.63,33,anal,unisex,0,0,low,33,0,0,0,0,0,0,0,1,0,0,0
4012-01lola,Anal plug  Emotions Cutie Medium Pink black crystal 4012-01lola,Lola games Emotions,3.73,18,anal,unisex,0,0,low,18,13,13,6,7,0,0,0,1,1,1,0
4012-04lola,Anal plug  Emotions Cutie Medium Turquoise light purple crystal 4012-04lola,Lola games Emotions,3.73,36,anal,unisex,0,0,low,36,35,35,23,23,2,0,0,1,1,1,0
4012-06lola,Anal plug  Emotions Cutie Medium Purple clear crystal 4012-06lola,Lola games Emotions,3.73,9,anal,unisex,0,0,low,9,6,6,0,0,0,0,0,1,1,0,0
4017-02lola,Tail Anal Plug Emotions Fluffy Pink 4017-02lola,Lola games Emotions,4.12,2,anal,unisex,0,0,low,2,0,0,0,0,0,0,0,1,0,0,0
4020-02lola,Tail Anal Plug Diamond Starlit Pink 4020-02lola,Lola games Diamond,9.74,22,anal,unisex,0,0,high,22,16,16,12,16,14,0,0,1,1,1,0
4021-02lola,Rose Gold Anal Plug Diamond Moonstone Shine L 4021-02lola,Lola games Diamond,4.5,89,anal,unisex,0,0,low,89,55,0,0,0,0,0,0,1,0,0,0
4022-02lola,Rose Gold Anal Plug Diamond Jet Shine L 4022-02lola,Lola games Diamond,4.5,58,anal,unisex,0,0,low,58,34,34,29,29,20,10,0,1,1,1,1
4024-01lola,Rose Gold Anal Plug Diamond Ruby Shine S 4024-01lola,Lola games Diamond,3.6,12,anal,unisex,0,0,low,12,8,0,0,0,0,0,0,1,0,0,0
4024-02lola,Rose Gold Anal Plug Diamond Ruby Shine L 4024-02lola,Lola games Diamond,4.5,35,anal,unisex,0,0,low,35,10,10,0,0,0,2,0,1,1,0,1
4026-02lola,Rose Gold Anal Plug Diamond Topaz Shine L 4026-02lola,Lola games Diamond,4.5,20,anal,unisex,0,0,low,20,17,17,7,7,0,0,0,1,1,1,0
4027-01lola,Rose Gold Anal Plug Diamond Emerald Shine S 4027-01lola,Lola games Diamond,3.6,3,anal,unisex,0,0,low,3,0,0,0,0,0,0,0,1,0,0,0
4028-01lola,Enlarged Anal Plug Diamond Purple Sparkle XL 4028-01lola,Lola games Diamond,5.36,110,anal,unisex,0,0,mid,110,99,0,0,0,0,0,0,1,0,0,0
4028-02lola,Enlarged Anal Plug Diamond Clear Sparkle XL 4028-02lola,Lola games Diamond,5.36,120,anal,unisex,0,0,mid,120,111,111,90,90,69,38,0,1,1,1,1
4101-02lola,Anal Heart's Beads Blue 4101-02lola,Lola games First Time,3.1,148,anal,unisex,0,0,low,148,124,28,3,0,0,0,0,1,1,0,0
4101-03lola,Anal  Heart's Beads Black 4101-03lola,Lola games First Time,3.04,85,anal,unisex,0,0,low,85,59,22,0,0,0,0,0,1,1,0,0
4102-01lola,Anal Beginners Beads Pink 4102-01lola,Lola games First Time,3.02,35,anal,unisex,0,0,low,35,33,33,5,5,0,0,0,1,1,1,0
4102-02lola,Anal Beginners Beads Blue 4102-02lola,Lola games First Time,3.04,35,anal,unisex,0,0,low,35,24,12,2,0,0,0,0,1,1,0,0
4102-03lola,Anal Beginners Beads Black 4102-03lola,Lola games First Time,3.02,108,anal,unisex,0,0,low,108,84,84,70,70,38,38,0,1,1,1,1
4103-03lola,Anal Long Pleasure Chain Black 4103-03lola,Lola games First Time,4.68,98,anal,unisex,0,0,low,98,82,82,54,54,37,0,0,1,1,1,0
4104-01lola,Waved Anal Plug Pink 4104-01lola,Lola games First Time,3.22,34,anal,unisex,0,0,low,34,9,9,0,0,0,0,0,1,1,0,0
4105-02lola,Curved Anal Plug Blue 4105-02lola,Lola games First Time,2.84,8,anal,unisex,0,0,low,8,0,0,0,0,0,0,0,1,0,0,0
4105-03lola,Curved Anal Plug Black 4105-03lola,Lola games First Time,2.84,128,anal,unisex,0,0,low,128,113,0,0,12,0,0,0,1,0,1,0
4106-03lola,Anal Sweetheart Plug Black 4106-03lola,Lola games First Time,2.83,50,anal,unisex,0,0,low,50,27,34,15,15,0,0,0,1,1,1,0
4107-01lola,Anal Plug  P-spot Teazer Pink 4107-01lola,Lola games First Time,2.95,99,anal,unisex,0,0,low,99,84,22,0,0,0,0,0,1,1,0,0
4107-03lola,Anal Plug P-spot Teazer Black 4107-03lola,Lola games First Time,3.13,81,anal,unisex,0,0,low,81,66,66,44,44,24,0,0,1,1,1,0
4108-01lola,Anal Ribbed Plug Pink 4108-01lola,Lola games First Time,2.79,117,anal,unisex,0,0,low,117,97,25,5,5,0,0,0,1,1,1,0
4108-02lola,Anal Ribbed Plug Blue 4108-02lola,Lola games First Time,2.79,7,anal,unisex,0,0,low,7,0,0,0,0,0,0,0,1,0,0,0
4108-03lola,Anal Ribbed Plug Black 4108-03lola,Lola games First Time,2.79,90,anal,unisex,0,0,low,90,57,57,39,47,0,0,0,1,1,1,0
4201-01lola,Anal beads Orgasm Black 4201-01lola,Lola Games Back Door Collection Black Edition,4.21,46,anal,unisex,0,0,low,46,40,40,36,0,0,0,0,1,1,0,0
4202-01lola,Anal beads Flexible Wand Black 4202-01lola,Lola Games Back Door Collection Black Edition,4.84,47,anal,unisex,0,0,low,47,22,22,2,7,0,0,0,1,1,1,0
4202-02lola,Anal beads Flexible Wand Blue 4202-02lola,Lola Games Back Door Collection Black Edition,4.84,93,anal,unisex,0,0,low,93,71,0,0,0,0,0,0,1,0,0,0
4202-03lola,Anal beads Flexible Wand Grey 4202-03lola,Lola Games Back Door Collection Black Edition,4.84,114,anal,unisex,0,0,low,114,102,102,84,0,0,0,0,1,1,0,0
4204-01lola,Slim Anal Plug XL Black 4204-01lola,Lola Games Back Door Collection Black Edition,4.61,96,anal,unisex,0,0,low,96,65,21,19,0,0,0,0,1,1,0,0
4205-01lola,Slim Anal Plug Large Black 4205-01lola,Lola Games Back Door Collection Black Edition,3.17,30,anal,unisex,0,0,low,30,21,21,0,0,0,0,0,1,1,0,0
4206-02lola,Slim Anal Plug Medium Blue 4206-02lola,Lola Games Back Door Collection Black Edition,3.47,66,anal,unisex,0,0,low,66,37,37,8,0,0,0,0,1,1,0,0
4206-03lola,Slim Anal Plug Medium Grey 4206-03lola,Lola Games Back Door Collection Black Edition,3.47,87,anal,unisex,0,0,low,87,77,30,12,0,0,0,0,1,1,0,0
4207-01lola,Slim Anal Plug Small Black 4207-01lola,Lola Games Back Door Collection Black Edition,2.7,36,anal,unisex,0,0,low,36,20,20,6,6,0,0,0,1,1,1,0
4207-03lola,Slim Anal Plug Small Grey 4207-03lola,Lola Games Back Door Collection Black Edition,2.7,76,anal,unisex,0,0,low,76,54,0,0,0,0,15,0,1,0,0,1
4210-01lola,Anal plug Thick Medium 4210-01lola,Lola Games Back Door Collection Black Edition,6.25,51,anal,unisex,0,0,mid,51,47,49,36,11,4,0,0,1,1,1,0
4211-01lola,Thick Anal Plug Small 4211-01lola,Lola Games Back Door Collection Black Edition,3.17,170,anal,unisex,0,0,low,170,142,142,106,133,110,0,0,1,1,1,0
4212-01lola,Anal plug Perfect Fit Medium 4212-01lola,Lola Games Back Door Collection Black Edition,5.09,10,anal,unisex,0,0,mid,10,6,6,0,0,0,0,0,1,1,0,0
4213-01lola,Anal plug Perfect Fit Small 4213-01lola,Lola Games Back Door Collection Black Edition,3.46,56,anal,unisex,0,0,low,56,38,0,0,0,0,5,0,1,0,0,1
4216-03lola,Anal plug with a cockring Button Blue 4216-03lola,Lola Games Back Door Collection Black Edition,4.28,6,anal,unisex,1,0,low,6,6,6,2,2,0,0,0,1,1,1,0
4220-01lola,Prostate vibro-stimulator  Wonder Touch 4220-01lola,Lola Games Back Door Collection Black Edition,7.25,41,anal,men,0,0,mid,41,39,19,19,19,9,9,0,1,1,1,1
4220-03lola,Prostate stimulator with vibration Wonder Touch Blue 4220-03lola,Lola Games Back Door Collection Black Edition,8.84,35,anal,men,0,0,high,35,34,34,27,0,0,0,0,1,1,0,0
4222-01lola,Classic Anal Beads 4222-01lola,Lola Games Back Door Collection Black Edition,3.65,79,anal,unisex,0,0,low,79,64,64,37,37,14,6,0,1,1,1,1
4223-01lola,Anal Booty Douche 4223-01lola,Lola Games Back Door Collection Black Edition,10.01,46,anal,unisex,0,0,high,46,38,0,0,0,0,0,0,1,0,0,0
4224-01lola,Anal Kinky Douche 4224-01lola,Lola Games Back Door Collection Black Edition,10.73,91,anal,unisex,0,0,high,91,84,0,0,18,10,10,0,1,0,1,1
4227-01lola,Anal Douche L 220 ml 4227-01lola,Lola Games Vanilla,3.92,11,anal,unisex,0,0,low,11,0,0,0,0,0,0,0,1,0,0,0
5001-01lola,Bubbles Anal Plug Pink 5001-01lola,Lola games First Time,3.08,64,anal,unisex,0,0,low,64,49,64,44,14,0,0,0,1,1,1,0
5001-03lola,Bubbles Anal Plug Black 5001-03lola,Lola games First Time,4.05,50,anal,unisex,0,0,low,50,35,35,17,6,0,9,0,1,1,1,1
5002-01lola,Bent Anal Plug Pink 5002-01lola,Lola games First Time,2.77,24,anal,unisex,0,0,low,24,15,15,0,0,0,0,0,1,1,0,0
5002-02lola,Bent Anal Plug Blue 5002-02lola,Lola games First Time,2.77,73,anal,unisex,0,0,low,73,57,0,0,0,0,0,0,1,0,0,0
5002-03lola,Bent Anal Plug Black 5002-03lola,Lola games First Time,2.77,168,anal,unisex,0,0,low,168,132,140,68,20,0,0,0,1,1,1,0
5006-01lola,Anal Plug with vibration Bulb Pink 5006-01lola,Lola games First Time,6.3,66,anal,unisex,0,0,mid,66,61,61,45,59,40,40,0,1,1,1,1
5006-02lola,Anal Plug with vibration Bulb Blue 5006-02lola,Lola games First Time,6.3,110,anal,unisex,0,0,mid,110,101,46,32,0,0,0,0,1,1,0,0
5006-03lola,Anal Plug with vibration Bulb Black 5006-03lola,Lola games First Time,6.3,55,anal,unisex,0,0,mid,55,44,44,32,32,6,0,0,1,1,1,0
5007-01lola,Anal Plug with vibration Twisted Pink 5007-01lola,Lola games First Time,6.62,151,anal,unisex,0,0,mid,151,143,143,104,104,82,82,46,1,1,1,1
5007-03lola,Anal Plug with vibration Twisted Black 5007-03lola,Lola games First Time,6.62,84,anal,unisex,0,0,mid,84,74,0,0,0,0,0,0,1,0,0,0
5008-01lola,Anal Plug with vibration Spiral Pink 5008-01lola,Lola games First Time,6.62,123,anal,unisex,0,0,mid,123,109,109,94,111,79,79,51,1,1,1,1
5008-02lola,Anal Plug with vibration Spiral Blue 5008-02lola,Lola games First Time,6.62,209,anal,unisex,0,0,mid,209,186,65,48,48,10,10,0,1,1,1,1
5008-03lola,Anal Plug with vibration Spiral Black 5008-03lola,Lola games First Time,6.62,79,anal,unisex,0,0,mid,79,73,73,67,67,59,59,39,1,1,1,1
5011-02lola,Flexible strapless strap-on Natural Temptation Black 5011-02lola,Lola Games Natural,25.13,63,other,unisex,0,0,high,63,63,63,56,65,62,62,46,1,1,1,1
5012-02lola,Dildo Techno Neon Driver 5012-02lola,Lola Games Techno,9.99,141,dildo,unisex,0,0,high,141,133,0,0,0,0,0,0,1,0,0,0
5013-01lola,Bendable Dildo Techno Moon Beam 5013-01lola,Lola Games Techno,12.24,107,dildo,unisex,0,0,high,107,99,99,86,86,83,83,72,1,1,1,1
5015-01lola,Flexible strapless strap-on Natural Sensation Pink 5015-01lola,Lola Games Natural,9.7,2,other,unisex,0,0,high,2,0,0,0,0,0,0,0,1,0,0,0
6000-01lola,Dildo Lola Games Nudes Reliable 6000-01lola,Lola Games Nudes,5.9,82,dildo,unisex,0,0,mid,82,59,59,49,49,30,30,0,1,1,1,1
6001-01lola,Dildo Lola Games Nudes Steadfast 6001-01lola,Lola Games Nudes,5.9,139,dildo,unisex,0,0,mid,139,133,143,121,64,50,21,0,1,1,1,1
6002-01lola,Dildo Lola Games Nudes Sensual 6002-01lola,Lola Games Nudes,6.26,81,dildo,unisex,0,0,mid,81,67,37,26,26,16,16,0,1,1,1,1
6003-01lola,Dildo Lola Games Nudes Fearless 6003-01lola,Lola Games Nudes,6.26,75,dildo,unisex,0,0,mid,75,67,67,59,25,15,8,0,1,1,1,1
6004-01lola,Dildo Lola Games Nudes Brave 6004-01lola,Lola Games Nudes,6.32,69,dildo,unisex,0,0,mid,69,60,0,0,0,0,0,0,1,0,0,0
6005-01lola,Dildo Lola Games Nudes Calm 6005-01lola,Lola Games Nudes,6.32,83,dildo,unisex,0,0,mid,83,82,82,82,82,68,0,0,1,1,1,0
6006-01lola,Dildo Lola Games Nudes Soulful 6006-01lola,Lola Games Nudes,6.75,95,dildo,unisex,0,0,mid,95,89,89,57,0,0,0,0,1,1,0,0
6007-01lola,Dildo Lola Games Nudes Seductive 6007-01lola,Lola Games Nudes,7.56,200,dildo,unisex,0,0,mid,200,193,193,178,178,162,162,132,1,1,1,1
6008-01lola,Dildo Lola Games Nudes Confident 6008-01lola,Lola Games Nudes,6.84,97,dildo,unisex,0,0,mid,97,84,84,71,71,54,54,12,1,1,1,1
6009-01lola,Dildo Lola Games Nudes Loyal 6009-01lola,Lola Games Nudes,6.84,50,dildo,unisex,0,0,mid,50,39,0,0,0,0,0,0,1,0,0,0
6010-01lola,Dildo Lola Games Nudes Ardent 6010-01lola,Lola Games Nudes,7.63,87,dildo,unisex,0,0,high,87,87,87,72,72,55,55,49,1,1,1,1
6011-01lola,Dildo Lola Games Nudes Handsome 6011-01lola,Lola Games Nudes,7.63,114,dildo,unisex,0,0,high,114,110,110,100,100,92,92,67,1,1,1,1
6900-00lola,Vacuum pump Discovery Racer Red 6900-00lola,Lola games Discovery,9.5,79,vacuum_pump,men,0,0,high,79,75,75,67,67,64,76,62,1,1,1,1
6900-01lola,Vacuum pump Discovery Racer Clear 6900-01lola,Lola games Discovery,10.4,44,vacuum_pump,men,0,0,high,44,44,44,44,44,44,0,0,1,1,1,0
6900-02lola,Vacuum pump Discovery Racer Purple 6900-02lola,Lola games Discovery,10.4,78,vacuum_pump,men,0,0,high,78,63,71,69,69,65,65,61,1,1,1,1
6900-04lola,Vacuum pump Discovery Racer Сharcoal 6900-04lola,Lola games Discovery,10.4,67,vacuum_pump,men,0,0,high,67,65,65,50,50,49,49,49,1,1,1,1
6902-00lola,Vacuum pump Discovery Aviator 6902-00lola,Lola games Discovery,20.61,78,vacuum_pump,men,0,0,high,78,75,75,75,81,79,0,0,1,1,1,0
6903-00lola,Vacuum pump Discovery Explorer 6903-00lola,Lola games Discovery,10.35,122,vacuum_pump,men,0,0,high,122,121,69,67,0,0,0,0,1,1,0,0
6905-00lola,Replaceable sleeve for a vacuum pump Discovery Saver 6905-00lola,Lola games Discovery,2.12,11,vacuum_pump,men,0,0,low,11,2,0,0,0,0,0,0,1,0,0,0
6905-03lola,Replaceable sleeve for a vacuum pump Discovery X-Fit 6905-03lola,Lola games Discovery,3.46,99,vacuum_pump,men,0,0,low,99,93,0,0,0,0,0,0,1,0,0,0
6905-04lola,Replaceable sleeve for a vacuum pump Discovery Fighter 6905-04lola,Lola games Discovery,3.15,37,vacuum_pump,men,0,0,low,37,33,0,0,0,0,0,0,1,0,0,0
6906-00lola,Vacuum pump Discovery Magnate 6906-00lola,Lola games Discovery,11.09,63,vacuum_pump,men,0,0,high,63,63,31,31,18,11,5,5,1,1,1,1
6911-00lola,Vacuum pump Discovery Light Boarder Clear 6911-00lola,Lola Games Discovery Light,6.55,70,vacuum_pump,men,0,0,mid,70,67,67,57,0,0,0,0,1,1,0,0
6911-01lola,Vacuum pump Discovery Light Boarder Charcoal 6911-01lola,Lola Games Discovery Light,6.55,76,vacuum_pump,men,0,0,mid,76,76,84,80,80,67,24,20,1,1,1,1
6912-01lola,Vacuum pump Discovery Light Glider 6912-01lola,Lola Games Discovery Light,12.53,65,vacuum_pump,men,0,0,high,65,65,71,66,66,58,58,52,1,1,1,1
6913-01lola,Vacuum pump Discovery Light Rider 6913-01lola,Lola Games Discovery Light,5.6,2,vacuum_pump,men,0,0,mid,2,2,0,0,0,0,0,0,1,0,0,0
7006-01lola,Penis sleeve Homme Wide White for 9-12 cm 7006-01lola,Lola Games Homme,5.08,81,other,men,1,0,mid,81,64,64,57,57,31,0,0,1,1,1,0
7006-02lola,Penis sleeve Homme Wide Pink for 9-12 cm 7006-02lola,Lola Games Homme,5.08,113,other,men,1,0,mid,113,112,112,110,110,93,45,35,1,1,1,1
7006-03lola,Penis sleeve Homme Wide Flesh for 9-12 cm 7006-03lola,Lola Games Homme,5.08,35,other,men,1,0,mid,35,35,35,35,35,31,12,4,1,1,1,1
7007-01lola,Penis sleeve Homme Wide White for 11-15 cm 7007-01lola,Lola Games Homme,5.08,84,other,men,1,0,mid,84,81,81,64,0,0,0,0,1,1,0,0
7007-02lola,Penis sleeve Homme Wide Pink for 11-15 cm 7007-02lola,Lola Games Homme,5.08,105,other,men,1,0,mid,105,105,0,0,0,0,0,0,1,0,0,0
7007-03lola,Penis sleeve Homme Wide Flesh for 11-15 cm 7007-03lola,Lola Games Homme,5.08,211,other,men,1,0,mid,211,207,207,204,0,0,0,0,1,1,0,0
7008-01lola,Penis sleeve Homme Long White for 9-12 cm 7008-01lola,Lola Games Homme,5.08,17,other,men,1,0,mid,17,13,0,0,0,0,0,0,1,0,0,0
7008-02lola,Penis sleeve Homme Long Pink for 9-12 cm 7008-02lola,Lola Games Homme,5.08,110,other,men,1,0,mid,110,106,106,98,98,91,91,90,1,1,1,1
7009-01lola,Penis sleeve Homme Long White for 11-15 cm 7009-01lola,Lola Games Homme,5.08,99,other,men,1,0,mid,99,90,26,18,18,13,0,0,1,1,1,0
7009-02lola,Penis sleeve Homme Long Pink for 11-15 cm 7009-02lola,Lola Games Homme,5.08,106,other,men,1,0,mid,106,99,114,113,137,126,38,27,1,1,1,1
7009-03lola,Penis sleeve Homme Long Flesh for 11-15 cm 7009-03lola,Lola Games Homme,5.08,287,other,men,1,0,mid,287,285,352,347,0,0,0,0,1,1,0,0
7010-01lola,Limiter-masturbator Homme Loyal Henchman Flesh 7010-01lola,Lola Games Homme,4.84,106,masturbator,men,1,0,low,106,98,98,92,101,90,18,11,1,1,1,1
7010-02lola,Limiter-masturbator Homme Loyal Henchman White 7010-02lola,Lola Games Homme,4.84,204,masturbator,men,0,0,low,204,168,168,162,76,58,75,40,1,1,1,1
7010-03lola,Limiter-masturbator Homme Loyal Henchman Pink 7010-03lola,Lola Games Homme,4.84,98,masturbator,men,0,0,low,98,98,98,80,80,68,68,52,1,1,1,1
7011-01lola,Limiter-masturbator Homme Royal Henchman Flesh 7011-01lola,Lola Games Homme,4.84,222,masturbator,men,1,0,low,222,209,91,74,74,65,65,53,1,1,1,1
7011-02lola,Limiter-masturbator Homme Royal Henchman White 7011-02lola,Lola Games Homme,4.84,102,masturbator,men,0,0,low,102,96,96,80,36,18,32,31,1,1,1,1
7011-03lola,Limiter-masturbator Homme Royal Henchman Pink 7011-03lola,Lola Games Homme,4.84,5,masturbator,men,0,0,low,5,5,0,0,0,0,0,0,1,0,0,0
7012-01lola,Limiter-masturbator Homme Genial Henchman Flesh 7012-01lola,Lola Games Homme,4.84,81,masturbator,men,1,0,low,81,79,29,29,29,24,24,21,1,1,1,1
7012-02lola,Limiter-masturbator Homme Genial Henchman White 7012-02lola,Lola Games Homme,4.84,149,masturbator,men,0,0,low,149,140,170,161,0,0,14,0,1,1,0,1
7012-03lola,Limiter-masturbator Homme Genial Henchman Pink 7012-03lola,Lola Games Homme,4.84,120,masturbator,men,0,0,low,120,112,112,112,66,58,81,62,1,1,1,1
7013-01lola,Penis sleeve Real  Extra Size Rings 7013-01lola,Lola Games Real,4.66,169,other,unisex,1,0,low,169,156,156,151,151,138,138,132,1,1,1,1
7014-01lola,Penis sleeve Real Extra Size Bubbles 7014-01lola,Lola Games Real,4.66,172,other,unisex,1,0,low,172,166,68,62,62,42,22,0,1,1,1,1
7015-01lola,Penis sleeve Real Extra Sense Rings 7015-01lola,Lola Games Real,4.66,129,other,unisex,1,0,low,129,120,0,0,0,0,12,0,1,0,0,1
7016-01lola,Penis sleeve Real Extra Sense Bubbles 7016-01lola,Lola Games Real,4.66,147,other,unisex,1,0,low,147,145,145,143,143,132,0,0,1,1,1,0
7017-01lola,Penis sleeve Super Hero Striker 7017-01lola,Lola games Super Hero,5.0,292,other,unisex,1,1,mid,0,0,0,0,0,0,262,234,0,0,0,1
7017-02lola,Penis sleeve Super Hero Striker Whiter 7017-02lola,Lola games Super Hero,5.0,295,other,unisex,1,1,mid,0,0,0,0,0,0,265,215,0,0,0,1
7017-03lola,Penis sleeve Super Hero Striker Black 7017-03lola,Lola games Super Hero,5.0,291,other,unisex,1,1,mid,0,0,0,0,0,0,261,205,0,0,0,1
7018-01lola,Penis sleeve Super Hero Titan Beige 7018-01lola,Lola games Super Hero,7.27,292,other,unisex,1,1,mid,0,0,0,0,0,0,262,219,0,0,0,1
7018-02lola,Penis sleeve Super Hero Titan White 7018-02lola,Lola games Super Hero,7.27,295,other,unisex,1,1,mid,0,0,0,0,0,0,265,231,0,0,0,1
7018-03lola,Penis sleeve Super Hero Titan Black 7018-03lola,Lola games Super Hero,7.27,291,other,unisex,1,1,mid,0,0,0,0,0,0,261,236,0,0,0,1
7080-04lola,Transparent dildo Intergalactic Luminous 7080-04lola,Lola Games Intergalactic,7.31,108,dildo,unisex,0,0,mid,108,93,93,76,0,0,0,0,1,1,0,0
7080-05lola,Transparent dildo Intergalactic Rocket 7080-05lola,Lola Games Intergalactic,7.33,149,dildo,unisex,0,0,mid,149,130,28,6,6,0,0,0,1,1,1,0
7080-07lola,Transparent dildo Intergalactic Infinity 7080-07lola,Lola Games Intergalactic,10.6,141,dildo,unisex,0,0,high,141,125,125,110,121,110,110,100,1,1,1,1
7080-08lola,Transparent dildo Intergalactic Eternity 7080-08lola,Lola Games Intergalactic,7.76,69,dildo,unisex,0,0,high,69,65,65,51,51,51,51,39,1,1,1,1
7083-01lola,Transparent dildo Intergalactic Rocket Pink 7083-01lola,Lola Games Intergalactic,7.33,140,dildo,unisex,0,0,mid,140,127,147,143,32,0,0,0,1,1,1,0
7083-02lola,Transparent dildo Intergalactic Rocket Purple 7083-02lola,Lola Games Intergalactic,7.33,138,dildo,unisex,0,0,mid,138,126,126,112,112,109,0,0,1,1,1,0
7084-01lola,Transparent dildo Intergalactic Oxygen Pink 7084-01lola,Lola Games Intergalactic,6.8,20,dildo,unisex,0,0,mid,20,17,17,8,8,0,0,0,1,1,1,0
7084-02lola,Transparent dildo Intergalactic Oxygen Purple 7084-02lola,Lola Games Intergalactic,6.8,53,dildo,unisex,0,0,mid,53,49,49,32,0,0,6,0,1,1,0,1
7200-01lola,Rechargeable ring for clitoral stimulation MiMi Animals Kitten Kiki Pink 7200-01lola,Lola Games MiMi Animals,17.32,345,clitoral_stimulator,women,0,0,high,345,330,89,72,72,53,53,30,1,1,1,1
7200-02lola,Rechargeable ring for clitoral stimulation MiMi Animals Kitten Kiki Light Pink 7200-02lola,Lola Games MiMi Animals,17.32,369,clitoral_stimulator,women,0,0,high,369,339,157,126,0,0,0,0,1,1,0,0
7200-03lola,Rechargeable ring for clitoral stimulation MiMi Animals Kitten Kiki Purple 7200-03lola,Lola Games MiMi Animals,17.32,189,clitoral_stimulator,women,0,0,high,189,177,177,160,160,150,0,0,1,1,1,0
7371-01lola,Masturbator Marshmallow Fuzzy White 7371-01lola,Lola Games Marshmallow,4.1,109,masturbator,men,0,0,low,109,95,52,48,48,42,42,11,1,1,1,1
7371-03lola,Masturbator Marshmallow Fuzzy Lavander 7371-03lola,Lola Games Marshmallow,4.1,259,masturbator,men,0,0,low,259,242,0,0,0,0,0,0,1,0,0,0
7372-01lola,Masturbator Marshmallow Sweety White 7372-01lola,Lola Games Marshmallow,4.1,352,masturbator,men,0,0,low,352,321,82,65,65,46,103,64,1,1,1,1
7372-02lola,Masturbator Marshmallow Sweety Pink 7372-02lola,Lola Games Marshmallow,4.1,172,masturbator,men,0,0,low,172,157,89,89,89,79,0,0,1,1,1,0
7372-03lola,Masturbator Marshmallow Sweety Lavander 7372-03lola,Lola Games Marshmallow,4.1,164,masturbator,men,0,0,low,164,151,0,0,0,0,0,0,1,0,0,0
7373-01lola,Masturbator Marshmallow Dreamy White 7373-01lola,Lola Games Marshmallow,4.1,72,masturbator,men,0,0,low,72,71,0,0,0,0,0,0,1,0,0,0
7373-02lola,Masturbator Marshmallow Dreamy Pink 7373-02lola ,Lola Games Marshmallow,4.1,86,masturbator,men,0,0,low,86,80,80,72,72,63,63,26,1,1,1,1
7373-03lola,Masturbator Marshmallow Dreamy Lavander 7373-03lola,Lola Games Marshmallow,4.1,35,masturbator,men,0,0,low,35,27,27,27,27,24,24,11,1,1,1,1
7700-05indeep,Rechargeable vibrator Indeep Juna Pink 7700-05indeep,Indeep,14.89,31,vibrator,unisex,0,0,high,31,29,0,0,0,0,0,0,1,0,0,0
7700-07indeep,Rechargeable vibrator Indeep Juna White 7700-07indeep,Indeep,14.89,195,vibrator,unisex,0,0,high,195,179,179,161,161,146,83,68,1,1,1,1
7701-05indeep,Rechargeable vibrator Indeep Malena Pink 7701-05indeep,Indeep,14.89,127,vibrator,unisex,0,0,high,127,126,152,152,152,124,50,37,1,1,1,1
7701-06indeep,Rechargeable vibrator Indeep Malena Magenta 7701-06indeep,Indeep,14.89,173,vibrator,unisex,0,0,high,173,167,167,161,189,170,170,139,1,1,1,1
7702-07indeep,Rechargeable vibrator Indeep Theona White 7702-07indeep,Indeep,14.89,70,vibrator,unisex,0,0,high,70,63,17,14,14,11,11,3,1,1,1,1
7705-01indeep,Rechargeable Vibrobullet Indeep Clio Pink 7705-01indeep,Indeep,6.91,396,other,unisex,0,0,mid,396,362,362,322,322,279,279,218,1,1,1,1
7705-02indeep,Rechargeable Vibrobullet Indeep Clio Magenta 7705-02indeep,Indeep,6.91,200,other,unisex,0,0,mid,200,188,188,165,165,140,140,112,1,1,1,1
7705-03indeep,Rechargeable Vibrobullet Indeep Clio Black 7705-03indeep,Indeep,6.91,322,other,unisex,0,0,mid,322,308,308,279,354,336,367,282,1,1,1,1
7707-02indeep,Rechargeable Vibrator Indeep PRO Theona Pink 7707-02indeep,Indeep,14.89,81,vibrator,unisex,0,0,high,81,79,79,62,62,49,0,0,1,1,1,0
7707-03indeep,Rechargeable Vibrator Indeep PRO Theona Magenta 7707-03indeep,Indeep,14.89,136,vibrator,unisex,0,0,high,136,128,128,121,121,104,104,91,1,1,1,1
7903-01lola,Clitoral stimulator Fantasy Dino 7903-01lola,Lola games Fantasy,15.35,63,clitoral_stimulator,women,0,0,high,63,60,73,71,39,39,43,30,1,1,1,1
7905-01lola,Clitoral stimulator Fantasy Ducky 7905-01lola,Lola games Fantasy,12.2,22,clitoral_stimulator,women,0,0,high,22,16,8,4,4,4,1,1,1,1,1,1
7910-02lola,Rechargeable vibrator Fantasy Raffi Pink 7910-02lola,Lola games Fantasy,18.63,28,vibrator,unisex,0,0,high,28,28,28,18,18,18,18,9,1,1,1,1
7910-03lola,Rechargeable vibrator Fantasy Raffi Blue 7910-03lola,Lola games Fantasy,18.63,11,vibrator,unisex,0,0,high,11,7,0,0,1,1,0,0,1,0,1,0
7912-01lola,Rechargeable vibrator Fantasy Flamie Yellow 7912-01lola,Lola games Fantasy,18.63,9,vibrator,unisex,0,0,high,9,4,0,0,0,0,0,0,1,0,0,0
7912-03lola,Rechargeable vibrator Fantasy Flamie Blue 7912-03lola,Lola games Fantasy,18.63,29,vibrator,unisex,0,0,high,29,29,29,29,0,0,0,0,1,1,0,0
7913-01lola,Rechargeable Clitoral Stimulator Fantasy Ducky 2.0 Yellow 7913-01lola,Lola games Fantasy,13.9,200,clitoral_stimulator,women,0,0,high,200,189,189,181,226,209,230,213,1,1,1,1
7913-02lola,Rechargeable Clitoral stimulator Fantasy Ducky 2.0 Pink 7913-02lola,Lola games Fantasy,14.67,13,clitoral_stimulator,women,0,0,high,13,11,5,5,5,3,0,0,1,1,1,0
7913-03lola,Rechargeable Clitoral Stimulator Fantasy Ducky 2.0 Lavender 7913-03lola,Lola games Fantasy,14.67,76,clitoral_stimulator,women,0,0,high,76,61,0,0,0,0,0,0,1,0,0,0
8001-02lola,Anal Plug Spice it up Legend Dark Grey 8001-02lola,Lola games Spice It Up,3.55,26,anal,unisex,0,0,low,26,9,0,0,0,0,0,0,1,0,0,0
8004-01lola,Vibrating Anal Plug Spice it up Passion Black 8004-01lola,Lola games Spice It Up,6.95,112,anal,unisex,0,0,mid,112,101,31,19,19,12,27,0,1,1,1,1
8004-02lola,Vibrating Anal Plug Spice it up Passion Dark Grey 8004-02lola,Lola games Spice It Up,6.95,123,anal,unisex,0,0,mid,123,113,113,107,0,0,0,0,1,1,0,0
8004-03lola,Vibrating Anal Plug Spice it up Passion Aquamarine 8004-03lola,Lola games Spice It Up,6.95,125,anal,unisex,0,0,mid,125,108,108,98,0,0,0,0,1,1,0,0
8006-02lola,Anal plug Spice it up Fantasy Dark Grey 8006-02lola,Lola games Spice It Up,4.55,76,anal,unisex,0,0,low,76,68,68,62,62,46,15,0,1,1,1,1
8007-01lola,Anal plug  Spice it up Starter Black 8007-01lola,Lola games Spice It Up,2.27,3,anal,unisex,0,0,low,3,1,0,0,0,0,0,0,1,0,0,0
8007-03lola,Anal plug Spice it up Starter Aquamarine 8007-03lola,Lola games Spice It Up,3.01,93,anal,unisex,0,0,low,93,81,27,0,0,0,20,0,1,1,0,1
8008-01lola,Anal plug  Spice it up Smooth Black 8008-01lola,Lola games Spice It Up,2.75,67,anal,unisex,0,0,low,67,45,45,17,21,0,0,0,1,1,1,0
8008-03lola,Anal plug Spice it up Smooth Aquamarine 8008-03lola,Lola games Spice It Up,2.75,126,anal,unisex,0,0,low,126,109,109,82,82,40,40,0,1,1,1,1
8009-01lola,Vibrating Anal Plug Spice it up Ecstasy Black 8009-01lola,Lola games Spice It Up,7.07,86,anal,unisex,0,0,mid,86,69,69,51,55,41,0,0,1,1,1,0
8009-03lola,Vibrating anal plug Spice it up Ecstasy Aquamarine 8009-03lola,Lola games Spice It Up,7.07,106,anal,unisex,0,0,mid,106,90,36,29,0,0,7,0,1,1,0,1
8010-03lola,Anal plug with a misplaced centre of gravity Spice it up Delight Aquamarine 8010-03lola,Lola games Spice It Up,4.27,183,anal,unisex,0,0,low,183,162,162,142,0,0,0,0,1,1,0,0
8011-01lola,Anal plug with a misplaced centre of gravity Spice it up Insatiable Black 8011-01lola,Lola games Spice It Up,5.54,92,anal,unisex,0,0,mid,92,78,78,59,0,0,0,0,1,1,0,0
8011-03lola,Anal plug with a misplaced centre of gravity Spice it up Insatiable Aquamarine 8011-03lola,Lola games Spice It Up,5.54,35,anal,unisex,0,0,mid,35,26,26,19,19,7,7,0,1,1,1,1
8013-02lola,Anal plug Spice it up Classy Dark Grey 8013-02lola,Lola games Spice It Up,3.55,44,anal,unisex,0,0,low,44,37,37,18,18,2,0,0,1,1,1,0
8014-02lola,Vibrating Anal Plug Spice it up New Edition Perfection Dark green 8014-02lola,Lola games Spice It Up,8.96,87,anal,unisex,0,0,high,87,78,78,72,0,0,0,0,1,1,0,0
8014-04lola,Vibrating Anal Plug Spice it up New Edition Perfection Ultraviolet 8014-04lola,Lola games Spice It Up,8.96,106,anal,unisex,0,0,high,106,90,90,81,81,72,0,0,1,1,1,0
8015-01lola,Vibrating Anal Plug Spice it up New Edition Glory Black 8015-01lola,Lola games Spice It Up,8.96,17,anal,unisex,0,0,high,17,8,8,3,3,0,0,0,1,1,1,0
8015-02lola,Vibrating Anal Plug Spice it up New Edition Glory Dark green 8015-02lola,Lola games Spice It Up,8.96,13,anal,unisex,0,0,high,13,5,0,0,0,0,0,0,1,0,0,0
8015-03lola,Vibrating Anal Plug Spice it up New Edition Glory Wine red 8015-03lola,Lola games Spice It Up,8.32,50,anal,unisex,0,0,high,50,45,0,0,0,0,9,6,1,0,0,1
8015-04lola,Vibrating Anal Plug Spice it up New Edition Glory Ultraviolet 8015-04lola,Lola games Spice It Up,8.32,157,anal,unisex,0,0,high,157,151,75,60,23,10,33,0,1,1,1,1
8015-05lola,Anal Plug with Rechargeable Bullet Spice it Up Glory 2.0 8015-05lola,Lola games Spice It Up,9.59,70,anal,unisex,0,0,high,70,59,0,0,0,0,0,0,1,0,0,0
8016-01lola,Vibrating Anal Plug Spice it up New Edition Excellence Black 8016-01lola,Lola games Spice It Up,6.8,213,anal,unisex,0,0,mid,213,206,0,0,0,0,36,17,1,0,0,1
8016-05lola,Anal Chain with Rechargeable Bullet Spice it Up Excellence 2.0 8016-05lola,Lola games Spice It Up,8.37,64,anal,unisex,0,0,high,64,46,12,7,0,0,0,0,1,1,0,0
8017-01lola,Vibrating Anal Plug Spice it up New Edition Splendor Black 8017-01lola,Lola games Spice It Up,6.17,88,anal,unisex,0,0,mid,88,88,97,74,74,56,56,29,1,1,1,1
8017-03lola,Vibrating Anal Plug Spice it up New Edition Splendor Wine red 8017-03lola,Lola games Spice It Up,7.7,75,anal,unisex,0,0,high,75,61,61,35,35,10,10,0,1,1,1,1
8017-04lola,Vibrating Anal Plug Spice it up New Edition Splendor Ultraviolet 8017-04lola,Lola games Spice It Up,7.7,91,anal,unisex,0,0,high,91,76,0,0,0,0,0,0,1,0,0,0
8017-05lola,Anal Plug with Rechargeable Bullet Spice it Up Splendor 2.0 8017-05lola,Lola games Spice It Up,8.17,65,anal,unisex,0,0,high,65,62,62,60,60,47,14,0,1,1,1,1
8018-01lola,Vibrating Anal Plug Spice it up New Edition Elation Black 8018-01lola,Lola games Spice It Up,7.87,44,anal,unisex,0,0,high,44,36,0,0,0,0,0,0,1,0,0,0
8018-02lola,Vibrating Anal Plug Spice it up New Edition Elation Dark green 8018-02lola,Lola games Spice It Up,7.87,62,anal,unisex,0,0,high,62,62,62,57,57,44,0,0,1,1,1,0
8018-04lola,Vibrating Anal Plug Spice it up New Edition Elation Ultraviolet 8018-04lola,Lola games Spice It Up,7.87,99,anal,unisex,0,0,high,99,91,102,88,88,65,65,49,1,1,1,1
8019-01lola,Double Silicone Vibrating Anal Plug Spice it Up Allure 8019-01lola,Lola games Spice It Up,17.0,208,anal,unisex,0,0,high,208,202,88,76,76,57,0,0,1,1,1,0
8020-01lola,Stretching and Vibrating Prostate Massager Spice it Up Grace 8020-01lola,Lola games Spice It Up,32.58,176,anal,men,0,0,high,176,170,189,183,183,181,219,206,1,1,1,1
8021-02lola,Double Silicone Vibrating Anal Plug Spice it Up Charm 8021-02lola,Lola games Spice It Up,19.0,46,anal,unisex,0,0,high,46,42,42,39,48,38,38,29,1,1,1,1
8022-03lola,Prostate Massager with 2 motors Spice it Up P-Bliss 8022-03lola,Lola games Spice It Up,24.0,61,anal,men,0,0,high,61,51,51,51,51,49,49,45,1,1,1,1
8071-01lola,Masturbator Marshmallow Maxi Honey White 8071-01lola,Lola Games Marshmallow,6.86,58,masturbator,men,0,0,mid,58,50,0,0,0,0,0,0,1,0,0,0
8071-02lola,Masturbator Marshmallow Maxi Sugary Pink 8071-02lola,Lola Games Marshmallow,6.86,33,masturbator,men,0,0,mid,33,25,0,0,0,0,0,0,1,0,0,0
8071-03lola,Masturbator Marshmallow Maxi Sugary Purple 8071-03lola,Lola Games Marshmallow,6.86,5,masturbator,men,0,0,mid,5,5,5,4,0,0,0,0,1,1,0,0
8072-01lola,Masturbator Marshmallow Maxi Fruity White 8072-01lola,Lola Games Marshmallow,6.86,71,masturbator,men,0,0,mid,71,67,67,60,60,55,18,6,1,1,1,1
8072-02lola,Masturbator Marshmallow Maxi Honey Pink 8072-02lola,Lola Games Marshmallow,6.86,1,masturbator,men,0,0,mid,1,1,1,1,0,0,0,0,1,1,0,0
8072-03lola,Masturbator Marshmallow Maxi Honey Purple 8072-03lola,Lola Games Marshmallow,6.86,158,masturbator,men,0,0,mid,158,154,154,139,172,166,36,4,1,1,1,1
8073-01lola,Masturbator Marshmallow Maxi Juicy White 8073-01lola,Lola Games Marshmallow,6.86,7,masturbator,men,0,0,mid,7,7,7,3,0,0,0,0,1,1,0,0
8073-02lola,Masturbator Marshmallow Maxi Juicy Pink 8073-02lola,Lola Games Marshmallow,6.86,117,masturbator,men,0,0,mid,117,117,68,63,0,0,0,0,1,1,0,0
8073-03lola,Masturbator Marshmallow Maxi Fruity Purple 8073-03lola,Lola Games Marshmallow,6.86,69,masturbator,men,0,0,mid,69,55,55,52,52,51,51,42,1,1,1,1
8074-01lola,Masturbator Marshmallow Maxi Candy White 8074-01lola,Lola Games Marshmallow,6.86,122,masturbator,men,0,0,mid,122,122,0,0,0,0,0,0,1,0,0,0
8074-02lola,Masturbator Marshmallow Maxi Candy Pink 8074-02lola,Lola Games Marshmallow,6.86,29,masturbator,men,0,0,mid,29,29,29,24,0,0,0,0,1,1,0,0
8074-03lola,Masturbator Marshmallow Maxi Juicy Purple 8074-03lola,Lola Games Marshmallow,6.86,35,masturbator,men,0,0,mid,35,31,0,0,0,0,0,0,1,0,0,0
8075-01lola,Masturbator Marshmallow Maxi Syrupy White 8075-01lola,Lola Games Marshmallow,6.86,117,masturbator,men,0,0,mid,117,117,0,0,0,0,0,0,1,0,0,0
8075-02lola,Masturbator Marshmallow Maxi Fruity Pink 8075-02lola,Lola Games Marshmallow,6.86,153,masturbator,men,0,0,mid,153,136,136,128,128,112,112,93,1,1,1,1
8075-03lola,Masturbator Marshmallow Maxi Candy Purple 8075-03lola,Lola Games Marshmallow,6.86,18,masturbator,men,0,0,mid,18,0,0,0,0,0,0,0,1,0,0,0
8076-01lola,Masturbator Marshmallow Maxi Sugary White 8076-01lola,Lola Games Marshmallow,6.86,107,masturbator,men,0,0,mid,107,107,22,22,22,9,25,9,1,1,1,1
8076-02lola,Masturbator Marshmallow Maxi Syrupy Pink 8076-02lola,Lola Games Marshmallow,6.86,48,masturbator,men,0,0,mid,48,40,0,0,0,0,0,0,1,0,0,0
8076-03lola,Masturbator Marshmallow Maxi Syrupy Purple 8076-03lola,Lola Games Marshmallow,6.86,26,masturbator,men,0,0,mid,26,18,18,8,0,0,0,0,1,1,0,0
8210-01lola,Masturbator Trdelnik 8210-01lola,Lola Games Gourmet Pleasures,6.28,71,masturbator,men,0,0,mid,71,63,26,20,0,0,0,0,1,1,0,0
8681-00lola,Vibrator Lola games Shape of water Shell 8681-00lola,Lola games Shape of water,29.37,30,vibrator,unisex,0,0,high,30,30,30,25,25,22,22,17,1,1,1,1
8682-00lola,Vibrator Lola games Shape of water Droplet 8682-00lola,Lola games Shape of water,36.82,18,vibrator,unisex,0,0,high,18,18,0,0,0,0,0,0,1,0,0,0
8683-00lola,Vibrator Lola games Shape of water Wave 8683-00lola,Lola games Shape of water,36.04,29,vibrator,unisex,0,0,high,29,23,23,21,21,21,21,21,1,1,1,1
8686-00lola,Mini-wand Lola Games Shape of Water Ocean 8686-00lola,Lola games Shape of water,21.09,36,vibrator,unisex,0,0,high,36,36,36,36,36,36,43,39,1,1,1,1
9020-01lola,Clitoral stimulator Take it easy Ace Wine 9020-01lola,Lola Games Take it Easy,5.65,200,clitoral_stimulator,women,0,0,mid,200,190,190,171,171,161,204,176,1,1,1,1
9020-02lola,Clitoral stimulator Take it easy Ace Pink 9020-02lola,Lola Games Take it Easy,5.65,495,clitoral_stimulator,women,0,0,mid,495,478,543,522,522,486,0,0,1,1,1,0
9021-01lola,Vibrating egg Take it Easy Best wine red 9021-01lola,Lola Games Take it Easy,12.29,75,egg_vibrator,women,0,0,high,75,70,86,80,80,76,76,72,1,1,1,1
9021-02lola,Vibrating egg Take it Easy Best pink 9021-02lola,Lola Games Take it Easy,11.97,64,egg_vibrator,women,0,0,high,64,58,58,54,17,11,0,0,1,1,1,0
9021-04lola,Rotating Vaginal Balls with remote control Take it Easy Dea Pink 9021-04lola,Lola Games Take it Easy,17.05,160,vaginal_balls,women,0,0,high,160,146,66,58,58,38,38,29,1,1,1,1
9021-05lola,Pulsating  Vaginal Balls with remote control Take it Easy Era Purple 9021-05lola,Lola Games Take it Easy,17.05,170,vaginal_balls,women,0,0,high,170,167,167,163,163,158,60,29,1,1,1,1
9021-07lola,Rotating Vaginal Balls with remote control Take it Easy Dea Wine red 9021-07lola,Lola Games Take it Easy,17.05,193,vaginal_balls,women,0,0,high,193,184,184,180,180,159,159,138,1,1,1,1
9021-09lola,Pulsating Vaginal Balls with remote control Take it Easy Era Wine red 9021-09lola,Lola Games Take it Easy,17.05,192,vaginal_balls,women,0,0,high,192,177,104,94,0,0,0,0,1,1,0,0
9022-02lola,Masturbator Take it Easy Chic peach 9022-02lola,Lola Games Take it Easy,1.66,19,masturbator,men,0,0,low,19,15,15,0,0,0,0,0,1,1,0,0
9022-04lola,Masturbator Take it Easy Chic purple 9022-04lola,Lola Games Take it Easy,1.66,383,masturbator,men,0,0,low,383,364,364,345,0,0,0,0,1,1,0,0
9023-02lola,Rechargeable Clitoral stimulator Take It Easy Fay Pink 9023-02lola,Lola Games Take it Easy,14.72,77,clitoral_stimulator,women,0,0,high,77,77,0,0,0,0,0,0,1,0,0,0
9028-02lola,Vibrator rechargeable Take it Easy Ida 9028-02lola,Lola Games Take it Easy,16.43,62,vibrator,unisex,0,0,high,62,62,14,8,15,7,7,0,1,1,1,1
9030-01lola,Tapping Clitoral Stimulator AvoTap 9030-01lola,Lola Games Take it Easy,14.9,396,clitoral_stimulator,women,0,0,high,396,392,392,375,375,339,339,278,1,1,1,1
9210-01lola,Clitoral Stimulator Cherry Cupcake 9210-01lola,Lola Games Cupcake,24.9,155,clitoral_stimulator,women,0,0,high,155,151,0,0,0,0,0,0,1,0,0,0
9210-02lola,Clitoral Stimulator Magic Cupcake 9210-02lola,Lola Games Cupcake,24.9,194,clitoral_stimulator,women,0,0,high,194,179,179,169,169,165,165,151,1,1,1,1
9210-03lola,Clitoral Stimulator Blueberry Cupcake 9210-03lola,Lola Games Cupcake,24.9,199,clitoral_stimulator,women,0,0,high,199,187,187,181,181,171,171,140,1,1,1,1
9300-01lola,Vibrating necklace Liberty Leaf 9300-01lola,Lola Games Liberty,16.9,437,other,unisex,0,0,high,437,409,0,0,0,0,0,0,1,0,0,0
9300-02lola,Vibrating necklace Liberty Leaf Black 9300-02lola,Lola Games Liberty,16.9,407,other,unisex,0,0,high,407,375,466,417,417,356,397,302,1,1,1,1
9601-01lola,Rechargeable Vibrator Universe Rocky’s Fairy Mallet Blue 9601-01lola,Lola games Universe,12.49,1,vibrator,unisex,0,0,high,1,0,0,0,0,0,0,0,1,0,0,0
9601-02lola,Rechargeable Vibrator Universe Rocky’s Fairy Mallet Beige 9601-02lola,Lola games Universe,12.49,49,vibrator,unisex,0,0,high,49,41,41,41,41,35,10,1,1,1,1,1
9602-01lola,Rechargeable Vibrator Universe Airy’s Mystery Arrow Blue 9602-01lola,Lola games Universe,12.49,40,vibrator,unisex,0,0,high,40,32,11,0,0,0,0,0,1,1,0,0
9602-02lola,Rechargeable Vibrator Universe Airy’s Mystery Arrow Beige 9602-02lola,Lola games Universe,12.49,75,vibrator,unisex,0,0,high,75,72,76,55,55,48,48,23,1,1,1,1
9602-03lola,Rechargeable Vibrator Universe Airy’s Mystery Arrow Pink 9602-03lola,Lola games Universe,12.49,59,vibrator,unisex,0,0,high,59,53,53,39,39,31,31,23,1,1,1,1
9603-01lola,Rechargeable Vibrator Universe BonBon’s Powerful Spear Blue 9603-01lola,Lola games Universe,12.49,21,vibrator,unisex,0,0,high,21,21,21,19,0,0,0,0,1,1,0,0
9603-02lola,Rechargeable Vibrator Universe BonBon’s Powerful Spear Beige 9603-02lola,Lola games Universe,12.49,9,vibrator,unisex,0,0,high,9,0,0,0,0,0,0,0,1,0,0,0
9603-03lola,Rechargeable Vibrator Universe BonBon’s Powerful Spear Pink 9603-03lola,Lola games Universe,12.49,32,vibrator,unisex,0,0,high,32,31,12,10,0,0,0,0,1,1,0,0
9702-02lola,Rechargeable Vibrator Thai Sunset 9702-02lola,Lola Games Sunset,15.3,46,vibrator,unisex,0,0,high,46,41,0,0,0,0,0,0,1,0,0,0
9703-03lola,Rechargeable Vibrator Bali Sunset 9703-03lola,Lola Games Sunset,17.21,158,vibrator,unisex,0,0,high,158,141,0,0,0,0,0,0,1,0,0,0
9704-04lola,Rechargeable Vibrator Rio Sunset 9704-04lola,Lola Games Sunset,15.3,180,vibrator,unisex,0,0,high,180,178,178,176,176,168,168,145,1,1,1,1
9705-02lola,Rechargeable Vibrobullet Java Sunset Pink 9705-02lola,Lola Games Sunset,7.99,44,other,unisex,0,0,high,44,30,0,0,0,0,0,0,1,0,0,0
9705-03lola,Rechargeable Vibrobullet Java Sunset Orange 9705-03lola,Lola Games Sunset,7.99,20,other,unisex,0,0,high,20,20,20,17,18,3,3,0,1,1,1,1
9705-04lola,Rechargeable Vibrobullet Java Sunset Purple 9705-04lola,Lola Games Sunset,7.99,9,other,unisex,0,0,high,9,7,7,0,0,0,0,0,1,1,0,0
9801-01lola,Rechargeable Vibrator Deep Vibes Relax Flesh 9801-01lola,Lola Games Deep Vibes,12.51,10,vibrator,unisex,1,0,high,10,10,0,0,0,0,0,0,1,0,0,0
9802-01lola,Rechargeable Vibrator Deep Vibes Chill 9802-01lola,Lola Games Deep Vibes,13.5,1,vibrator,unisex,0,0,high,1,0,0,0,0,0,0,0,1,0,0,0
9803-02lola,Rotating Vibrator Deep Vibes Sway 9803-02lola,Lola Games Deep Vibes,22.16,127,vibrator,unisex,0,0,high,127,126,68,47,0,0,0,0,1,1,0,0
9900-01lola,Double pearlescent dildo Baroque Pearl Golden 9900-01lola,Lola Games Pearl,8.42,48,dildo,women,0,0,high,48,43,0,0,0,0,0,0,1,0,0,0
9900-02lola,Double pearlescent dildo Baroque Pearl Pink 9900-02lola,Lola Games Pearl,8.42,45,dildo,women,0,0,high,45,28,28,15,17,11,11,4,1,1,1,1
9900-03lola,Double pearlescent dildo Baroque Pearl White 9900-03lola,Lola Games Pearl,8.42,31,dildo,women,0,0,high,31,21,21,15,15,12,15,5,1,1,1,1
9901-01lola,Pearlescent dildo Mabe Pearl Golden 9901-01lola,Lola Games Pearl,8.24,29,dildo,women,0,0,high,29,23,23,13,13,2,2,0,1,1,1,1
9901-02lola,Pearlescent dildo Mabe Pearl Pink 9901-02lola,Lola Games Pearl,8.24,32,dildo,women,0,0,high,32,20,20,6,0,0,0,0,1,1,0,0
9901-03lola,Pearlescent dildo Mabe Pearl White 9901-03lola,Lola Games Pearl,8.24,45,dildo,women,0,0,high,45,35,35,28,9,5,0,0,1,1,1,0
9902-01lola,Pearlescent dildo South Sea Pearl Golden 9902-01lola,Lola Games Pearl,6.7,31,dildo,women,0,0,mid,31,26,26,26,30,24,24,15,1,1,1,1
9902-02lola,Pearlescent dildo South Sea Pearl Pink 9902-02lola,Lola Games Pearl,6.7,30,dildo,women,0,0,mid,30,24,0,0,0,0,0,0,1,0,0,0
9902-03lola,Pearlescent dildo South Sea Pearl White 9902-03lola,Lola Games Pearl,6.7,55,dildo,women,0,0,mid,55,49,49,49,49,33,10,0,1,1,1,1
9903-01lola,Pearlescent dildo Akoya Pearl Golden 9903-01lola,Lola Games Pearl,6.7,24,dildo,women,0,0,mid,24,20,9,1,0,0,0,0,1,1,0,0
9903-02lola,Pearlescent dildo Akoya Pearl Pink 9903-02lola,Lola Games Pearl,6.7,35,dildo,women,0,0,mid,35,33,33,28,0,0,8,0,1,1,0,1
9904-01lola,Pearlescent dildo Keshi Pearl Golden 9904-01lola,Lola Games Pearl,7.74,49,dildo,women,0,0,high,49,49,49,46,46,32,32,19,1,1,1,1
9904-02lola,Pearlescent dildo Keshi Pearl Pink 9904-02lola,Lola Games Pearl,7.74,51,dildo,women,0,0,high,51,51,51,51,51,38,0,0,1,1,1,0
9904-03lola,Pearlescent dildo Keshi Pearl White 9904-03lola,Lola Games Pearl,7.74,61,dildo,women,0,0,high,61,60,60,56,0,0,0,0,1,1,0,0
